humidity,ph
82.00274423,6.502985292000001
80.31964408,7.038096361
82.3207629,7.840207144
80.15836264,6.980400905
81.60487287,7.628472891
83.37011772,7.073453503
82.63941394,5.70080568
82.89408619,5.718627177999999
83.53521629999999,6.685346424
83.03322691,6.336253525
81.41753846,5.386167788
81.45061596,7.50283396
80.88684822,5.108681786
82.05687182,6.98435366
80.66385045,6.94801983
80.30025587,7.042299068999999
82.7883708,6.2490506560000005
80.41817957,6.970859754
80.1923008,5.953933276
83.58760316,5.85393208
80.47476396,6.442475375
83.11713476,5.070175667
80.97384195,6.012632591
82.67839517,6.254028451
81.33265073,7.375482851
80.52389148,7.778915154
84.04403589,6.2865001760000006
80.54498576,7.070959995
84.49774397,6.244841491
80.64416466,6.043304899
84.94375962,5.824709117
80.33127223,6.3573893660000005
82.73685569,6.364134967999999
81.63895217,5.01450727
83.88266234,6.149410611
82.1480873,5.950660556
81.17734011,5.960370061
83.15250801,5.561398642
82.95221726,7.416245107000001
83.7287574,5.583370042
82.06719137,6.430010215
83.52842314,5.534878156
80.14509262,6.903985986
84.81360127,6.271478837999999
82.36698992,7.224285503
80.52586088,6.13428721
84.47963372,5.206373153
84.59201843,7.782051312999999
80.70960551,7.062779015
80.41363018,7.730367824
83.06310136,5.286203711000001
80.3477562,6.766240045
82.22572988,7.382762603
81.89918197,5.658169482000001
83.83625819,5.543360237999999
84.79352417,6.215109715
83.47021081,7.120272972
82.45432595,5.950647577000001
82.1235421,7.236705436
80.2389895,6.501697816
82.20802629,7.592490617
83.51827127,5.875345751
83.77345559,6.932400225
80.72886384,6.9462098810000015
83.29114712,5.739175027000001
82.74835604,6.738652179
80.33502926,5.5948196260000005
82.11124033,6.946636369
80.28597873,5.012139669
80.56887849,6.363472207999999
83.891805,6.880431223
82.17068809999998,7.300410836
82.84022551,6.587918707999999
83.00320459,7.283736617000001
84.56919326,7.023936392
81.85872947,6.939083505
81.78596776,7.868474653
81.97927117,5.005306977
81.46033732,6.136131869
83.72874389,7.5240800760000015
80.37979919,5.706943251
82.94682591,5.758506323
81.05635517,6.349606327
84.96907151,5.9999690260000005
80.54372813,5.453592032
83.47038318,6.372576327000001
81.43321641,5.105588355
81.40633547,5.9353444060000005
81.03569343,5.17782304
84.1341879,6.462391607000001
81.91411159,7.069172227
83.88387074,7.473134377
80.12267476,6.158376967000001
83.85642678,7.549873681
82.81088865,6.028321557999999
83.46358271,6.604993475
82.14004101,6.500343222000001
83.32931909999998,5.935745417000001
84.67353597,7.072655622
83.59512273,5.333322606
63.69070564,5.7499144210000015
71.57476937,6.931756557999999
71.59351368,6.657964753
57.68272924,6.596060648
62.69503871,5.970458434
57.80840636,6.158830619
66.50415474,6.047906679
66.69029010000001,5.913664501
62.55424820000001,5.855442401
66.78627406,5.750254943
73.4541537,5.852607099
68.3584573,6.4725232870000005
58.84015925,6.9670577620000005
65.76816093,6.082973754
60.200168700000006,5.919045532
55.28220433,6.204747652999999
70.4162444,6.600827017
65.26185135,6.021902237000001
60.11593810000001,6.033550195
62.89366992,6.28886807
73.80435276,6.550563822999999
71.09445342,5.573286437
66.65952796,6.829199275
58.75082029,5.716222912
67.22190688,5.54990242
68.49835977,6.586244581
57.48775781,5.893093135
71.50905983,5.918263801
63.10459626,5.588650585
63.4711755,6.576418207000001
63.1621551,6.178056304
55.53128131,6.641906353
67.99257471,6.489040367
61.89472002,5.680361037999999
65.61418761,6.625404347999999
74.089114,6.524478032
62.35750641,5.696205468
59.64024162,6.803931519
74.82913698,6.252797547999999
74.52600826,6.092725883
73.13112261,6.234330356
70.04556743,5.722579819
60.27766379,6.430616465
57.21025565,5.983952675
72.85462807,6.80163854
69.00128641,6.499936446
68.74248334,6.265564338
56.35606753,6.727303282
61.89082199,6.325235159
65.47050802,6.807487794
65.34583901,6.671085817000001
56.73426469,6.648725327
63.91281869,6.439071996
64.23580251,6.474476516
61.74427165,5.871647806
61.24500053,5.730617109
61.91044947,5.850439831
56.50768935,5.791649933
69.02298571,6.740000687999999
65.35549924,6.272417541
59.24537979,5.715208817000001
69.0276233,5.773454729
61.32026065,5.584171461
72.89187265,5.787268394
69.63481219,5.77597783
59.4375337,6.864793607
68.03449300000001,6.192360002999999
73.58868502,6.636803222999999
59.52193158,5.826426917
61.33450447,6.960358276
68.30578978,6.11275104
60.47470519,6.708446922
59.21235483,5.561510732
73.62548442,5.873242491
55.64709899,6.995843776
65.7420046,5.714799723
65.77472881,6.78073637
60.61494304,5.513697923
72.33125523,5.798423907999999
71.59722446,6.352471866
69.36385721,6.822586546
66.20569924,6.655426355
61.55327249,6.1212940410000005
55.97732754,5.790770202999999
59.24580604,6.47444292
65.92195844,6.455116637000001
72.52054555,6.6069840860000015
63.31801994,6.330554389
67.816568,6.5286312660000005
71.516474,5.721667141
63.73849998,6.644205485
72.61024172,6.376651091
71.96246617,6.247040422
61.37879671,6.656730007999999
59.37147589,6.2048017
72.80086137,6.158860284
63.24648023,6.385684213999999
62.49878458,6.417820493
59.66263104,6.381201909
70.74739256,6.877869005
16.98861173,7.485996067
17.13159126,6.920251378
15.40589717,5.9969320370000005
15.65809214,6.391173589
19.56381041,7.152811172000001
15.40312102,5.988992796000002
16.60820843,6.231049027999999
18.74926979,7.550808267000001
18.90426935,7.010570541
18.30968112,8.753795334
19.33470387,8.718192847000001
15.22538951,7.976607593
14.69765308,6.515499548999999
19.5161216,8.490127142
14.71070537,6.576415562
19.18197264,6.481783042999999
19.8601304,7.966605025
16.39535215,8.140825437
15.7559405,7.228963452
14.32313811,6.492546046
16.14565756,7.528599957000001
15.11279612,7.701446446
14.99927489,8.519975748
18.43475844,6.620900869
19.22008229,8.104396057999999
14.42457525,6.204090835
16.67921616,6.051091339
18.66725565,7.690962337999999
17.0662427,7.8292111439999985
17.93253975,6.761599706
14.25803981,6.654425315
15.82069268,6.129533877
19.44225438,8.829273328
19.09172907,8.621662982
16.1074793,8.204862075
16.54314829,6.18042747
17.58406365,7.978996755
16.17772668,7.863113671
19.68538502,6.967843048
15.21618225,6.206582192999999
17.80852431,8.868741443
16.89574311,8.766128654
16.63805158,8.736337905
17.30457712,8.081095263
15.77458129,6.138243973
14.27327988,7.496645259
18.23490739,8.380185271
14.92241479,6.289614016
17.26184541,6.586777189
16.96070581,6.89655198
18.98030507,7.8067476560000015
19.63719995,7.150681303
15.15405941,6.64919573
15.48083156,7.778591617999999
14.70085967,6.358740355
16.71826572,8.255450758
18.91295403,6.456148474
17.63879418,6.613072145
17.86754927,8.165359297
16.02542689,7.64867466
17.41333199,6.545888558
14.99451145,7.1042247970000005
14.72115044,7.358099622
17.17260319,6.4740245000000005
18.74943955,7.840339388999999
18.71483156,7.064790365
19.85388984,7.599033472
16.63294455,6.715587232000001
14.44228303,6.81712422
15.84572566,7.985417393
14.2804191,7.545258424
15.85622899,7.728998197
15.83500655,7.354973451
19.96978871,7.313122235
18.25142068,7.785039076
17.54024066,6.307004922999999
14.44008871,6.4039823160000005
17.85057083,7.599279991
18.72831993,7.217018459
16.42891834,7.561108006
16.39055394,7.489545074
14.76014523,6.609696734
17.44534641,7.476800943
18.09665739,7.325451279
16.06240074,6.489389282
14.82633099,7.786366322
16.80472243,6.4084378860000015
18.02235902,8.423873703
16.41998269,8.719960893
14.74071856,7.811997977000001
19.83643308,6.317153205
15.9362937,7.114405288
15.57324389,8.135900726000001
17.60756635,7.714153037999999
15.27824066,7.103798069
18.75626255,8.861479668
14.33847406,7.861128148
19.76182946,7.4526709
14.77959596,7.168096055
15.36143547,7.26311855
20.59541693,5.68597166
18.90705639,5.759237003
21.33953114,5.873171894
24.24045875,5.926676985
23.02251117,5.95561668
18.77621951,5.9499490810000015
20.31564139,5.789214288999999
23.3334788,5.581021521
23.42829938,5.689858133
23.20591245,5.794158503999999
18.28173015,5.748190462999999
19.87070659,5.566522896
18.67170854,5.809419584
21.17919701,5.887263027
18.72479695,5.99812453
24.36314135,5.792744849
20.39659714,5.912289889
21.21092266,5.7883869510000014
19.63438599,5.728233081
22.42610972,5.833940084
23.10538637,5.967533236
18.29318436,5.6250964460000015
21.07643273,5.515615023
18.8251973,5.954665349
21.47324158,5.74644777
23.2353604,5.877347515
19.2303162,5.979973965
19.17651433,5.635993966
18.15302753,5.635231778
23.61670065,5.679224346
20.81527638,5.670062975
24.54038287,5.724242065
20.31871249,5.811314232000001
24.45202552,5.783425416
18.37477907,5.607808432000001
21.59396123,5.946999529
24.87304788,5.852046999
18.09224048,5.824090984
21.14544088,5.502999119
19.68751084,5.821649914
19.7520218,5.711439256
24.84207559,5.514927264
24.25386207,5.99616119
23.75560241,5.695422862999999
20.70099804,5.833010957999999
18.93146941,5.568456899
23.22197648,5.645435626
21.0278674,5.821194486
24.96969858,5.659254981
18.57086554,5.945465949
24.92607153,5.9511774520000005
19.90790546,5.520880013999999
24.96881755,5.578410206
22.89464642,5.608165195
20.4555596,5.609435127999999
19.38602098,5.509295379
22.3104551,5.902033406
21.98879437,5.744117663
19.37703396,5.717143397
20.51346956,5.542690119
24.03553105,5.858617867
22.89845607,5.618844277000001
22.7182355,5.6066203460000015
18.22590825,5.582178402
24.91506728,5.56503533
21.27833035,5.889614577000001
22.77255917,5.934136378
18.97267518,5.683548308
22.27512704,5.70836603
24.35679348,5.948164454
19.60379304,5.774755143999999
20.18238348,5.97229163
23.02410338,5.532100554
18.86880997,5.669560726
24.13995025,5.655726817000001
21.35793891,5.591704013999999
24.90814655,5.932323085
21.43780702,5.824208308999999
23.77201471,5.86442953
18.48522915,5.866744372
20.74619325,5.706198621
22.74378977,5.940546818
20.57940608,5.916779289
22.91244883,5.779090476
19.27907819,5.82738029
18.18325169,5.514234138
24.93896255,5.662699104
20.01730914,5.86390397
24.75485098,5.624690247999999
23.96362799,5.591560999
22.33195853,5.976312537999999
20.83398341,5.669236258
21.79992115,5.961934481
24.67385131,5.690065688
24.32991649,5.698371311
23.22323766,5.59503163
21.90539577,5.5259045260000015
24.89487354,5.819403771
21.1893007,5.562201934
20.24768314,5.630664753
57.92887167,6.03160778
62.73178224,5.269084669
59.38967583,5.985792703
43.35795962,6.09186275
55.46985938,5.624731337999999
42.35249879,6.446091759
45.03186173,5.623490042999999
38.23184742,5.864623352000001
63.47742011,5.761702519
67.38680755,4.696518678
68.75810535,5.269504214
40.03262418,7.445444882999999
49.47225353,5.833031707999999
56.67369054,7.3393209289999986
57.23265151,6.347929353
34.13737127,4.697750704
38.80023714,4.962661422
34.69776639,4.964887857
37.73992903,5.642813116
40.1242747,5.6093956
55.96805489,4.681576043
50.12323801,5.70951224
47.19188279,6.413543781
50.54621094,6.007508163
38.40975482,4.946369874
45.3733757,5.517208078
49.4421345,5.902103172
34.13307843,5.719889876
35.42910045,4.548202098
46.68746847,6.6695294160000005
41.69617915,4.7509292180000005
57.97429171,4.946263888
67.07780816,5.266227032
46.48714759,7.10959773
39.04468913,5.617008201
34.51086611,5.632353113
37.57792132,4.674941549
32.24914235,7.161797643
36.82639309,6.624966131
30.98685456,5.004074623999999
30.40046769,6.3458060110000005
35.72032498,6.216814453
47.52980027,5.921666758
52.10010827,6.012719118
34.80541039,4.684079249
47.19847683,7.077170002000001
46.24856523,6.208843215
52.79913039,7.05181629
66.45457122,4.722222454
36.52780776,6.418062652000001
56.92831399,4.803564468
32.31528909,4.608695247
56.46868874,5.611510977000001
45.70976142,7.322097972000001
45.01110015,5.023115055
31.94550613,5.617122801
35.48885969,5.391560417999999
49.94704718,5.906596905
35.6395615,6.574209678
32.45974539,4.807776748999999
51.29019509,4.760038038999999
38.83786012,5.180271502
44.93322042,4.895927306
57.3414485,6.436160044
48.41490082,7.066087261
60.54880693,6.655918077999999
59.33157782,5.982854522999999
62.4901206,5.457871272999999
43.61444121,4.759490199
47.2879691,7.342409555
40.7192594,4.820788186000001
66.68832981,6.242052013
61.33186249,5.001038726
63.46513414,5.560224582999999
39.37252634,4.747352458
56.01334416,7.313517308
35.39454002,5.661826398
56.03021253,4.672437054
67.10604388,6.471862118
34.75591197,5.384762927000001
59.96669215,5.8598134160000015
36.67847052,6.962386495
33.10695144,6.12166671
45.93248374,6.421748487
54.32342534,4.828936119
56.31006755,6.98571967
60.24218572,4.603563116
35.29006485,6.979540061
48.17631461,7.064973419
40.58227261,5.16516459
69.69141302,5.111488821
47.70351758,5.374358869
50.54495302,5.671419084
62.56532471,5.667419697000001
58.25799145,6.07938452
66.35375127,6.931924962999999
44.82294584,6.842744374
42.89833235,6.876572502999999
66.34777265,6.151029296
48.93905624,4.567446499
64.70930606,3.692863601
51.27868781,4.371745575
59.3189118,8.399135957999999
61.09387478,8.840656256
54.65030015,8.153022903
54.1077461,5.270749441
55.27755933,8.050304395
53.57014709,9.679240873
58.59986279,6.974978386
55.77264351,7.39389918
45.89239456,6.68727523
45.38497051,7.88118645
56.85420099,5.875333778
58.51663927,8.202706015
51.79939437,8.985348193
50.7330069,5.87707519
47.18283631,7.707595055
43.6672299,4.524171562
44.8302551,9.926212291
43.58788762,6.455592696
55.59160391,8.016210782
61.5620517,3.71105919
49.32609633,5.49091063
55.25435777,9.254089438
51.66921088,6.005242945
49.66474269,7.437078236
46.01868196,3.808429173
58.22686794,5.818219385
53.22082660000001,4.52363558
43.65305437,3.510404312
56.32938343,6.030447288
45.90067655,5.498340807999999
60.98353839999999,4.61136408
40.00933429,5.545219232000001
57.14218792,8.292875733999999
44.359648,3.828031463
59.79236306,8.869532817
45.20094476,3.793575185
64.95585424,4.193189124
41.36561835,7.661537347999999
61.66852372,9.392694614
51.33189406,4.516154055
63.56791363,5.794289715
44.82069159,7.354286985
56.40226277,5.993513566
63.56222995,8.620107545
54.82130787,9.45949344
43.02151392,8.0344125
47.36534833,5.414492777
57.17377029,6.2760043360000015
46.82652785,9.160691747
56.96640758,7.887658711
62.85948245,8.183844843
60.50320928,9.072011412
61.39451307,7.702287236
44.17085032,5.88509677
58.55363573,6.16496284
62.40392519,3.504752314
52.3003173,7.388007482999999
42.26206161,8.340398059
57.30636014,8.66077954
49.84213387,3.558822825
45.41393636,5.9565851
61.58245338,9.416003106
50.77148138,8.18422855
41.81420849,5.131779302
61.18749126,6.294130312999999
44.2252605,7.991902443
43.35365671,8.923095695
57.69622912,6.878498176
58.25204566,5.243634848999999
59.79023382,7.550090941
53.50567601,8.709291687999999
52.62741529,7.792508067999999
61.25353851,8.055908857999999
52.60950014,4.397698806
48.8246387,5.9523849570000005
40.92604945,8.532078732999999
61.43378674,7.224193642
49.60384796,4.931890506
54.61813464,4.626212446
41.55934359,5.026003659
48.23991436,3.5253661
62.84916863,8.86979671
46.42693735,9.406887533
63.04749127,5.80428611
57.03184356,8.35495812
52.62696801,8.634929739
60.16299493,7.699200949
55.20522037,5.261285926
63.18180319,9.112771682
59.96664731,4.605700542
40.5926071,7.115994051
53.76623369,7.214078621
61.14754363,9.93509073
49.00323081,8.914074888
61.34900107,8.639586199
48.27531965,8.621514073
45.96341933,5.838508699
49.97675220000001,3.532008668
87.80507732,7.18530147
80.77275974,7.034214276
84.34262707,6.635968697999999
81.04554836,6.828187498999998
87.32761241,6.89077995
89.71503316,7.165121108999998
83.24855855,6.935804256
85.57019009999998,7.196774236
87.93598094,6.990095452
82.1193047,7.064782137999999
86.73346018,7.156563094
86.45147631,6.364967184
82.35916228,6.428054409
84.96089355,6.664187809
86.45193297,6.637677489
85.16906976,6.79385576
80.4513142,6.852884642999999
84.96771717,7.121571293
83.64274107,6.883308033
89.07866095,6.421271178
87.93724219,6.54450214
85.81675947,6.452006451
80.29868321,6.489259136
86.404241,6.713410626
81.67085323,6.510840928
82.60629652,6.2873801170000005
86.20681554,6.86308576
88.71782287,6.78415271
87.50436797,6.769415887999999
88.73100226,6.320768488
81.59200689,6.705008503999999
84.61431076,6.790736339
88.4393979,7.130278657000001
86.13316408,7.012740397000001
86.99495766,7.1556850160000005
84.80084105,6.991242362
89.11480590000002,6.218923893
88.07505524,7.199495367999999
87.16679147,6.3898821660000005
83.14796296,6.623438282
88.50229102,7.033012777000001
89.30428305,6.32400451
82.76020821,6.397636709
85.99127934,6.401455706
89.9939693,6.904587016
82.9116472,6.478557136
89.99615558,7.063022095
87.45126690000002,6.981758362000001
81.94268594,6.227134139
85.60472562,6.232836962
84.8593608,7.140437859
89.80650642,6.459252023
85.44815232,6.568795403999999
86.89934108,7.12851089
85.91625451,6.42937879
81.13903037,6.248900919
89.92908171,6.619891497999999
84.28187572,6.377568542000001
85.85384444,6.415459592
87.59810657,6.3206620120000006
87.60890009,6.978400282000001
82.89166381,6.442335592999999
87.17649,7.184398832
87.09979549,6.402926221
88.48312598,7.085982325
89.89593328,6.698574085
86.94206817,6.594739424
83.8001509,6.647965508
80.14487166,7.120032489
80.98004661,6.91380932
89.4875022,7.073048264
88.48587386,6.5304707
82.67639542,6.684381357
83.97586797,6.581351374
81.97952224,6.86483915
88.00989267,6.487124217000001
86.49366929,6.605733067999999
86.12194568,6.860602782000001
87.11497805,6.41874299
86.16063492,6.365513634
84.8845732,6.5563729660000005
80.35005927,6.760694227999999
80.28038146,6.715276662999999
80.03499648,6.666380512000001
83.6869203,6.626629798
88.66663953,6.702772465
85.42058715,7.011030515
81.8009244,6.890156495
83.78911515,6.821747052
86.5543196,7.183189922
88.9570454,6.27258822
89.1886954,6.679127482
83.63802195,6.689825155
87.91332682,6.583381939
80.45744422,6.725551062
89.12760359,7.069747813999999
83.52706038,6.921993877999999
83.69659318,6.770955317
86.69133979,6.983130466
83.48991368,6.267684328
63.19915325,7.454532137
68.13999721,7.040056094
62.28814857,7.418650668
67.21113844,6.501869314
65.06601664,6.814410927999999
65.33538112,7.581442888
64.28791388,7.741418772
61.57072498,6.573531614
68.68401492,7.543804222999999
63.36085585,6.5408208
61.18235808,7.22405917
66.61452812,7.551364319
68.32176769,6.928898659
68.79427388,7.747775262999999
64.2097765,6.706505915
69.34811988,6.668238556
62.51007687,7.332375138
62.50460464,7.596802025
64.59457409,7.70650895
64.98742947,7.366542647
67.58618829999999,6.919243702
60.44848407,7.187721817999999
68.53997144,7.0758864720000005
67.66323804,6.74441168
69.09047809,6.726469087999999
61.69295127,6.628264883
61.53278622,7.127064207
66.6379724,7.538631462000001
65.26774011,7.162357641
67.72837887,6.859409487000001
64.34848735,7.397190844
68.59232289,6.880245789
60.37332688,6.581313137
69.01852894,7.296972161
63.59948557,6.97297656
68.63525428,7.241148507
66.76017239,6.92009048
67.88521396,7.504608385
60.06534859,7.152272256
67.83563765,7.137004749
69.0854554,6.8080417220000005
67.7017527,7.393631868
61.38597868,7.69950698
62.93692886,6.602888248999999
63.37230676,6.734447425
63.0563645,6.521217963
63.95425534,7.707332484
69.69366426,6.596719015
63.11296779,7.403623355
64.94329356,7.517097
67.90577375,7.17620823
65.71765781,6.593961761
69.3478631,7.143942758
68.93875631,6.690655045
69.96100028,7.423530351
60.11680815,6.578714842999999
66.17587668,7.497469256
68.01232937,7.775306272000001
64.24992106,7.322555222999999
66.55723677,7.580527339
64.25510719,7.1084501210000015
64.14928485,7.358974541
61.88871127,7.405176138
63.53604453,6.500144962
61.14508627,7.167435834
61.36669662,7.261791753
60.18122078,7.586642101
66.60416867,7.534811832999999
67.99803573,7.251000789
62.90020977,6.513620917999999
69.84354028,7.121254928
64.14800537,7.574561547
68.27085245,7.350869792
61.18956161,7.5131510760000015
64.2020154,7.0256077060000015
61.61367264,6.804253866
68.77994074,7.163043872
64.51136845,7.338929556
63.38789228,6.621323612
67.10464369,6.661870999
65.14877461,7.733149554
64.23364112,7.402891666
61.02701476,6.599147297999999
66.10123083,7.04174124
66.770943,7.353876754
63.64698302,7.026795358999999
66.15665137,6.814301033
65.91359954,7.42160832
62.73317204,6.8473828910000005
66.74217464,7.191522601
65.62971858,7.01285529
66.31394098,7.368318809
67.88811637,7.26154329
60.13263713,6.52669158
63.54718862,6.872594461
65.67718163,6.874142175
62.99303471,7.76061831
63.29103387,6.781841984
61.3009051,7.326980454
67.77954584,7.453975408
63.49802189,7.604110177000001
63.27771461,7.728832424
60.63872613,7.491217102
69.92375891,6.633864582
68.51966729,7.324863481
62.13873825,6.410441476
60.97876599,7.836719564
66.14007674,6.139215944
62.57526895,6.590571088
69.15640149,7.286049977999999
60.2816298,6.058306161
61.78779413,6.658605362
63.18832976,7.299360767
61.77336343,7.815210661
62.60136323,5.925391795
63.18738532,6.403683619
61.62313345,7.397546271
65.8567539,7.722335992
64.49166566,7.475926645
68.65257685,6.887130053
68.01965728,7.441976825
69.6897615,7.629910252999999
63.41785982,7.336117221
60.09116626,6.75020529
67.31323084,7.52178027
67.55109024,6.347379185
65.84395319,7.135251532000001
66.70897237,7.670178119
66.92642362,7.399749291
62.44616219,7.841496029
69.48515056,6.254216611
61.18458224,6.868881707999999
66.43934593,7.320514721
62.70637578,6.296976913
60.85993533,7.241151936
69.12613376,7.685959305
69.76112921,6.890760124
63.93927841,6.155915975
60.19461399,6.167855382000001
62.04814951,6.861640036
68.10365387,6.978361689
69.29786244,7.043160241
63.22011726,5.94239222
63.68128841,7.239455147
68.03209183,6.516317561
65.44544859,6.233269045
65.47227704,7.505283615
65.73085206,6.950300686
67.10004577,6.958054839
68.93307305,6.54803469
61.09533545,6.461618577
67.40460704,7.065264073
63.39503184,6.765091462000001
63.46170674,5.91645379
62.50453062,6.711341147000001
66.895409,6.379881442
69.3159965,6.313284267999999
69.55863145,7.393210848
64.07691942,7.504930973
64.00213929,7.198076286
62.35557553,7.007037515
67.76252583,6.677262562
61.28633405,6.74398035
66.29327012,6.547361617999999
60.53657684,6.551577598
63.14909763,6.585020302999999
60.47528931,6.924042372000001
60.4989659,7.437373666
60.71367427,7.142611056000002
63.20915034,7.74672376
65.1034354,6.300479414
62.45851612,6.078724107
67.89815262,6.76660668
62.74710773,7.641024177
68.17543102,6.559681838
61.88321072,7.072923306
68.05394959,7.732194787999999
67.02664337,6.157782589
64.50515776,7.240988401
62.96841833,6.898905799
64.45268309,6.818681086000002
66.7729209,6.261937875
65.57653373,6.493036868
62.10652364,7.042474679
64.1123333,7.692013657
63.73086065,6.250994222999999
60.26854183,6.0521848810000005
65.8108757,7.002216044
68.98088448,7.272427638
65.21662467,5.962001484
68.70533022,7.080506001
69.4073209,6.5937983870000005
63.13215259,7.28805662
68.6428593,7.32710972
63.90164154,6.366355781
60.424786,7.011121216
63.58337146,6.280725549
67.62779652,7.621494566
63.83179889,7.630424082999999
66.32102048,7.802212437
91.63536236,5.922935513
89.93701023,5.937649577999999
87.4024767,6.804781106
94.5110662,6.424670614
89.90147027,6.7380162210000005
92.40501423,6.4973666770000005
89.32594859999998,6.327673765
91.45498527,6.36137446
94.27659596,6.9235093710000015
92.68328358,6.630646082999999
85.19098079,5.832525853
85.63608688,6.738993954
86.35590206,5.782435567
93.7974061,6.537042717
89.73266695,6.145104401
89.08935702,6.890784045
92.30882391,7.175344328
94.88267728,5.938528744
88.16779129,5.709380472
89.61794165,6.184400085
89.9224883,6.553509673
94.79397419,5.885638185
89.31505137,6.1438746910000015
91.11927248,6.101198974
89.75272999,6.594037135
91.19442671,6.8598408210000015
87.31290342,6.56893406
91.34039616,6.769855664
89.68919664,7.130837931
88.92944254,5.7403380020000006
90.83687246,5.843005428
89.93457597,6.648687273999999
90.29751796,6.902751061
87.74938524,6.608023872
94.95031368,6.828522375
89.64934166,6.910374919
87.84034604,6.306605528
94.25702672,7.009180374
93.87030088,6.297907578999999
85.56083187,6.728599215
87.59629625,6.965156737999999
93.0569505,5.578095745
88.1508343,7.199504273
89.38003827,5.841367187
85.56033312,6.710143266
91.90842992,5.972714857000001
87.95158129,5.561851831
90.3396556,6.107054807999999
85.12912161,6.988035315
85.40695044,7.13147457
89.39686219,7.086947687
93.13277,6.749260456
94.26304717,7.16300467
91.12282162,7.013481515
89.7870345,5.648243648999999
90.88292835,6.610251186
88.71691157,7.054313822999999
86.19740917,6.026999326
93.14554876,5.7794274020000005
89.61850203,6.535244251
93.34236582,5.684995235
85.42912869,6.12476108
87.22815682,6.999014379
91.61793636,6.277148771
86.10874614,6.322396027000001
90.64498715,5.956401828
92.03009222,6.591302797000001
89.01574455,7.104094929
90.97819712,6.407872061
94.63612858,6.658402594
86.34233767,6.276038961
88.48567856,6.825256236
94.94330457,6.368560522
87.1775172,7.005410734
88.83768149,6.8973684770000006
90.88612388,6.152906502
88.87651295,5.744361602000001
94.46485312,7.051654924
86.88738076,6.034612928
90.42177379,6.9244907310000015
91.08706822,6.887005997
94.42971362,6.8444019
92.97527546,5.786058032000001
89.02127045,5.627186257000001
92.51675903,5.700088663
94.99897537,5.567805185
89.24126808,6.077886012
88.45577158,6.397995609
86.79058496,5.767372539
91.19431555,7.079973241
92.93386903,5.893332377999999
93.16343942,7.058222596
85.4017118,5.78270695
91.07776977,6.269663962999999
85.70786282,5.892913826
85.83618191,7.116538883
89.80732335,6.430163481
92.65058936,7.159520979
93.32657504,6.431265737
86.20613842,6.082571701
76.24900101,6.149934034
83.67675197,5.849076099
82.96221306,6.276800323
80.11585705,5.926824754
79.39654531,5.519088423
84.42379269,6.079178787999999
80.18546798,6.13465588
78.06762846,5.808497603999999
83.390039,5.891458107
76.16151562,5.816622478999999
82.68752542,5.8431631610000005
76.50045221,6.376756632999999
75.26429821,5.623615687000001
78.80860679999998,5.91505509
78.04602887,6.458714879
83.34688193,5.565028635
78.3422098,6.211833161
79.68542782,6.490074429
75.94067692,5.590236025
82.54195839,6.225225238999999
76.8532006,6.190757458999999
78.89864446,5.915568968
84.88394407,6.195152442
80.79783998,6.156373499
82.34429458,6.313197204
79.19588629,6.324270089
77.32017166,5.7074889870000005
77.38229006,6.119216009
81.36028902,5.571401169
77.79586769,5.63127166
83.31110751,6.101241579
81.4654833,6.438137278999998
81.38204104,6.098369122
79.28693687,5.695267822000001
76.67484233,5.6180944460000015
82.0638878,6.435785799
82.36208097,6.176644228
83.33983116,6.220643671
81.06003778,5.8717022110000014
78.71024836,6.390741836
79.35898915,6.21084479
75.03193255,6.012696655
80.18080728,5.908770059
77.25629897,6.049801781
83.51014178,6.010095852999999
84.97323747,5.738678895
78.52399914,5.74055541
81.95580471,5.793260262
77.79913575,5.50947065
79.59242542,5.986442306
81.54448882,5.790768046
83.69950440000002,5.915546415
81.40740301,6.242528277999999
76.57853189,6.0360792660000016
82.95958244,5.829898502000001
83.96754496,6.088064451
81.10523402,6.469370954
84.41007614,5.720726906
82.69285419,5.80766417
83.55829874,5.703381727999999
75.77363772,6.165001277999999
80.47152737,6.002481605
76.11239849,6.212369363
83.50423735,5.765308943
81.08183635,5.740764682000001
81.33506906,5.879119455
81.81365007,6.099478745
77.95192527,5.674403358999999
79.28625709,5.694243847
76.05522115,5.905494703
84.97849241,6.110844721
84.51194224,6.020445317
84.47321314,6.435917308
78.34971537,5.505393832999999
78.51833782,5.677719902000001
83.31172003,5.719014989
80.26173100000003,6.275572297999999
76.48541655,6.275384607
79.49221962,6.201911642000001
80.64303840000002,5.758054257
77.48247073,6.3239336470000005
82.1888998,5.901100841
84.15403614,5.644486582000001
78.90085998,6.235461772000001
80.1190228,6.28236237
83.36307683,6.356090905
81.53977797,5.837258235
84.51602322,5.653437902
82.99556744,5.727469947
77.39706290000002,6.200111067999999
79.29122198,5.614471478
76.98740841,6.257369799
76.63713353,6.037430836
78.76260938,5.760457558
84.70189923,6.1581644220000005
84.54625006,6.387431382999999
76.52808057,5.891413895
82.20793613,5.725418961
78.48738349999998,6.281069505
78.20585613,5.507641777999999
47.54885174,5.954626604
53.72979826,4.757114897
47.67525434,5.6995869720000005
45.53556603,5.977413802999999
54.25964196,6.430139436
50.62161586,6.113935087000001
53.19212381,5.074272692
45.16127859,5.667507706
52.22780489,5.978634285
52.19331595,5.064613314
52.34605806,4.772385986000001
51.4271781,5.161148592
53.63549533,6.797779227
48.56224879999999,6.39474303
52.66319725,5.566704378
48.88704844,5.755049971
45.53106268,5.417340525
49.45962621,6.166173833999999
52.13797867,5.191265116
54.16482251,4.954739564
47.94053996,5.664587011
53.33018851,5.548584852
54.49960506,6.804437106
50.52559148,6.097869767000001
48.13974548,5.075504537
47.41196659,4.546466109
49.08864345,5.855119267999999
49.48613279,6.442393461
46.12866113,4.507523551
50.96040505,6.10729559
51.77965917,6.47544932
49.21729127,6.832979508999999
51.94190321,5.395275719
45.02236377,6.13526938
48.69677802,4.555688532
51.39586505,6.4341977560000005
50.19368841,5.316875978000001
50.84881347,5.279388967
48.56916221,6.720041791
45.88744691,5.72742254
53.2328243,4.691396195
49.92963856,6.810186079
45.58110023,6.454045329
52.58967710000001,5.842763773
47.40519056,5.024124683999999
47.16808054,6.422710539
50.70880979,4.94295037
48.75613373,6.414526606
48.50387598,6.777788126
54.43945147,6.441328044
52.61323969,4.650536197
51.42664176,5.254532213
47.90859131,5.910634533
47.45553843,4.755273631000001
51.0845903,6.814630246
54.82257868,5.342866119
51.08494181,6.336234623999999
47.71875722,4.754435025
49.40983294,6.831706773
53.53903102,6.9674177660000005
45.41692012,4.947683034
46.16888595,5.630619901
46.69536813,6.27339822
54.80750249,6.472774648
45.61143594,6.953246506
53.96886679,5.6437102160000014
48.20662669,6.392313972999999
46.73723302,4.981816523
50.22287593,5.421265282999999
48.97047762,6.942520105
51.98594645,5.435840509
53.56092806,5.870116071
51.59445462,4.74910393
50.34035336,5.497946899
52.23810152,6.811291098
52.72170281,6.460542749
47.02058367,4.791146778
49.02450149,6.4841522000000005
50.69693751,6.526654345
47.97230503,6.279133738
49.30347234,6.052026047000001
49.95955487,5.73171945
45.5661059,5.32307197
46.78393776,4.66910839
51.25786185,5.101206389
53.05980465,5.339556562
52.48823147,5.061081874
53.06009323,5.8211060360000015
47.93791463,5.956027059
50.09831810000001,5.676032581
47.59319575,6.524114355
54.39416048,6.2739536760000005
54.9640534,6.128167757000001
52.94641947,4.934964765
50.44030129,5.445008416
48.77926304,4.525722333
51.41593238,5.403908327999999
52.48100602,6.621623545
54.01352682,6.207495815
47.74916499,5.418475257000001
81.54156612,6.112305667
82.42614055,6.092241627000001
83.88504863,5.896343436
80.65968681,6.15526103
83.74372787,5.732453638
82.21079946,6.253034534
82.75241875,6.106190557000001
83.56812483,5.647202395
81.62497448,6.130310493
80.18393287,6.499604931
82.68593454,5.554831977
82.29335466,5.800242694
80.91934392,5.570290539
80.96093443,6.27564088
82.89753705,5.536645599
83.51444973,6.208196881
80.55557235,5.870600622
80.84806564,6.334771461
82.73366439,5.856575335
81.77713468,5.898944282
80.58931938,5.775600435
81.54185044,5.931101816
83.98351748,6.2286454
82.71775569,5.594240602999999
80.55625868,5.569230319
83.59398734,5.93202852
82.48336987,6.423216506
81.20876367,6.417500829
82.24729637,6.234904253
82.03812973,6.000573725
81.16314317,5.6851027689999984
82.00335557,5.662140095
82.66850729,6.358186848
81.17931863,6.119495295
80.01639435,6.207600782999999
83.00471609,6.48754639
81.32235739,5.81717753
83.25447587,6.325480034
83.86742974,5.562790949
80.86325389,6.487369687
80.03100049,6.116982944
80.68700527,5.695792761
81.23966573,5.7343170070000005
80.18612085,6.329499832000001
81.03544763,6.167013532
83.34010951,5.653776057999999
80.95628959,5.840256272
81.01783402,5.5399808120000005
83.17093908,5.833302165
82.33098331,6.399433771
83.44518113,6.138958698
82.56407013,5.972850837999999
80.97598029,6.456079585
81.53996362,6.3364266670000005
80.02130636,6.425419926
80.49979873,6.2943956760000015
81.67215994,6.477768039
81.12109244,5.931538447
83.36094029,5.980598579
81.61051026,6.389783283
82.51034633,5.693287415
80.12211649,6.00299607
81.24995984,6.372959542
80.2827185,5.510924848999999
83.54193816,5.69945282
83.32560104,5.778594403
81.03886263,6.315586313
80.70695797,5.9718130060000005
83.71498986,5.891195653
81.25353895,6.129812716
82.92903419,6.313085601
82.66396666,6.053662544
80.09711412,5.804799142
80.54942557,6.400719746
80.76838926,5.953966361
82.22118237,5.6092559920000005
81.17712085,5.777271492000001
82.79092939,5.682395429
83.18392806,5.863996687
82.79782954,6.444373116
82.26890793,5.550832177999999
80.15215777,6.107741787999999
82.94270065,5.620745638
80.63399198,6.349875906
82.90428409999998,6.484323189
82.57813624,5.838748311
81.6212135,6.29099842
81.15595212,5.638328481
80.8084305,6.415555956
82.94703302,6.323722572
80.28297993,5.757009965
83.74765639,6.1586894060000015
82.93262435,5.7335398070000005
80.73112694,5.908724337000001
80.06633966,6.361141107000001
80.22631717,5.96537863
82.72828653,6.476757723
82.94573346,6.224542938
83.4795292,6.209928251
82.55138983,5.841138354
80.92254421,6.283818329
83.44621709,6.818261382999999
81.77527562,6.37620108
88.30866319,6.581587932000001
81.32563243,6.932739726
88.989272,6.140099215
88.7285657,6.467095849
89.77076659,6.849471704
85.34866045,6.512196212
89.81574032,6.039584629
80.04678201,6.057697106
84.18406764,6.423898762
83.31883376,6.936997681
83.9195902,6.251286661
80.22972777,6.190015912000001
84.17269959999999,6.681606702000001
89.64815231,6.51075991
89.73524177,6.770278088
88.22874955,6.429788072999999
80.02621335,6.209888345
87.68839820000002,6.419052193
86.97190046,6.237861736
84.26830701,6.762471628999998
87.55055105,6.612847999
87.5931128,6.704688865
89.13163965,6.049609892
81.44030363,6.762030215
80.99313508,6.65398725
85.05318563,6.738030547
88.94568335,6.095689937
84.20576992,6.538006356
82.043255,6.377427122
84.16390229,6.417011754
84.84494575,6.649086972
86.52258079,6.25933595
86.72952049999998,6.121168559
84.6378378,6.031424482
82.39053979,6.835268183999999
87.8274604,6.5517503060000015
81.40297428,6.940236218
80.38266489,6.87606733
89.28272716,6.457216535
83.47202566,6.921847887999999
89.98405233,6.8814257460000015
81.64075303,6.915717008
82.75411437,6.206247493999999
87.64081095,6.29542477
87.65694462,6.399669044
80.27525115,6.862157042000001
83.15393658,6.224066378
80.90127035,6.093814669
80.61750795,6.291540277999999
81.01009354,6.32281728
87.21986949,6.873283991
87.47409052,6.074209622000001
88.04541346,6.49889585
86.33904774,6.678805092
88.6984228,6.114128685
83.46230461,6.405054243
85.87059083,6.110142735
82.91481799,6.828982708
87.1269128,6.451499763999999
88.59143088,6.313512998999999
89.00481725,6.755192025
89.39655519,6.623167177000001
81.2514818,6.12532356
83.03687902,6.653867608
85.49938185,6.343942518
86.10782926,6.217300786
81.12122989,6.286387658
86.14585891,6.769893799999998
87.20772913,6.744966312000001
89.20454622,6.391858432
86.70068316,6.770434148
86.25426228,6.727468157000001
86.67468041,6.662244646
81.14149505,6.944640222
80.91934337,6.507110986
84.42478917,6.520663422
83.85039964,6.106500787000001
83.9862443,6.277484042999999
85.00802358,6.195142279
84.24340241,6.792035575
87.93923120000002,6.472756256
86.5507939,6.000975617000001
87.52676159999999,6.5877912620000005
86.63249555,6.956508826
83.09194521,6.259086582999999
87.82430156,6.747537642
85.5667282,6.932537231
85.56967628,6.353107392999999
84.60808277,6.211748957
81.96664832,6.277245253999999
84.31756844,6.560443519
80.45846265,6.903020221
89.63667876,6.765094963999998
84.69546874,6.189213927000001
84.30533791,6.904241707000001
83.89241484,6.463271076
89.4138489,6.260838965
94.11878202,6.776533055
93.03555162,6.528404377999999
94.22237826,6.750145572
90.83130708,6.562832807
94.55695552,6.117530021
93.25103208,6.076459669
92.21405224,6.293486295
90.06998135,6.069171847000001
90.35567642,6.740983646
94.26765349,6.201797639
92.09688432,6.041027474
90.97685539,6.019372459
90.73891887,6.704104127000001
94.79453182,6.494251024
90.38971208,6.224535448999998
91.21322065,6.160414414
94.30111601,6.168757984
91.66737633,6.085444691
94.16748386,6.1590508160000015
92.58862544,6.606033244
92.86798698,6.447662945
93.92217834,6.105909623
93.61870344,6.559763394
92.43510994,6.14410903
92.91440379,6.099662369
92.12543021,6.413927319
90.10051615,6.0751441160000015
90.36881284,6.123802502
90.93897939,6.698468621
92.92367701,6.088885814
94.29753295,6.367800632000001
90.78413842,6.425930938
93.88482153,6.469983276000002
91.33617236,6.094016337999999
90.69759008,6.150090898999999
90.75284363,6.646962425
90.02696201,6.379690748
90.70937262,6.732834334
93.76312893,6.126019932
91.72742702,6.161123579
94.86907886,6.442810053
91.60666594,6.732049075
91.82172592,6.243673725
90.56698742,6.266208727
92.00687531,6.350623739
94.30759855,6.002927293
90.97015715,6.342573112
92.91778307,6.163921247999999
91.78336933,6.121745389
90.53330091,6.130160472999999
94.87679041,6.440584681
94.72981338,6.185053234
92.51054946,6.157724816
91.52291141,6.776987974
93.56161439,6.431970877
92.12534736,6.708743843
92.17444796,6.010739645
91.07574233,6.365956657999999
90.77069618,6.6683827660000015
90.14362622,6.74669542
90.80015308,6.031665834
90.79007335,6.40077205
93.22980899,6.448792688999999
93.90741192,6.251420275
91.47355778,6.2744528110000015
94.0371147,6.135996372
92.91185695,6.194090172
94.65343534,6.327822962000001
92.86597437,6.2125672110000005
90.33698678,6.640470862999999
94.96218673,6.685553129
94.81637388,6.327210469
93.12603235,6.35544263
91.89216849,6.085682343999999
93.42402083,6.781050372999999
90.84660317,6.630301421
91.14849627,6.484799661
90.71832938,6.566759102000001
92.48839665,6.170520517999999
94.19790371,6.0124803510000016
90.01506395,6.541150335
91.91533173,6.341400922
92.50969311,6.150686363999999
91.39356832,6.438008152999999
91.64193051,6.547041902999999
91.79742953,6.399891457000001
90.60932469,6.186770318
90.45773041,6.159020864
91.46241065,6.660954816
92.78226196,6.504906978999999
91.81758779,6.706053225
94.29119509999998,6.067665497999999
94.5513539,6.419083092
94.22253035,6.39637861
91.34685096,6.375923383
94.57459443,6.700337732
93.46806467,6.565312652999999
94.78993038,6.286515359
91.3821731,6.448061578
91.69532178,6.585872508
90.69489172,5.521466996
94.34814995,6.133220586
94.58900601,6.226289556
91.13435689,6.321152192
91.69913296,5.587905967
93.12859895,5.824151692999999
93.40819246,5.7721799460000005
92.96129462,5.790993052
91.68748063,6.4992268210000015
93.27392415,5.658473817000001
92.72043743,5.573241391
94.32130209,6.079497202000001
92.79630809,6.3831802710000005
94.54128292,5.867420996
90.4935574,5.708418722
90.59810302,5.7983508000000015
91.47684705,6.28188384
90.18451645,5.697945522
94.76285385,5.6059340870000005
93.58065995,5.85648105
93.56585985,6.041053829
92.70785115,5.685062404
90.45261746,5.669489065
93.44006288,5.751707342
92.48667725,5.800448951
92.84416234,5.821347769
94.89613443,6.28022267
91.51861705,6.027314401
90.6878768,5.636687393
90.31528693,5.559363609
90.97597665,5.596449493
94.71203306,5.893492998999999
93.3204487,5.875718516
90.97818277,6.386021424
91.48135786,5.710819862
91.70292746,5.7959857160000015
94.47811755,6.046673619
93.50574163,6.443382913
94.73763514,5.617227184
92.12438519,6.442289294
90.02575116,6.162034371
91.70293849,5.812781806
94.92048112,5.7650151260000015
92.62665309,6.184922574
90.78572467,5.739652177000001
91.61001707,5.8247786360000005
92.73446667,5.554823557000001
92.80441624,6.024248787
91.53331177,5.631333387000001
90.37981478,5.811975094
90.03577124,5.730557448
92.21083961,5.66999105
91.45665004,5.682751473
92.39544055,6.245858905
91.22759742,6.017370134
92.82223419,5.53456749
93.90191078,5.952367662
92.45878335,6.126436584
90.84422164,6.406818518
93.74461474,6.155939452999999
92.99124545,5.878568981
94.57645809999998,5.935336307999999
93.84505029,5.971332179
90.80819418,5.67130617
90.49939035,5.882155987999999
94.33919546,6.08551916
93.51978375,5.90402645
90.74531921,6.1102188260000005
92.12992101,6.212302608
91.12719303,6.142803397000001
92.54780429,6.365972687999999
91.92360477,6.264202804
92.15595143,6.276198595
93.45067555,5.514253142
94.36803516,5.682343744
92.43764169,5.830892252000001
90.70475565,5.603413172000001
90.22507299,6.0967531
92.83975602,6.056529526
91.59234006,6.160267496
91.95769858,5.814434775
92.25479855,5.987262638
92.88160462,5.570020684
93.661643,5.9655513110000005
94.67695747,6.062356467000001
90.23730166,5.895319002000001
91.15761594,6.119432215
92.70124029,5.624203283
90.09877774,5.52078314
90.34396882,5.731535257999999
93.91722423,5.893490899
90.95257927,5.560521058
90.69033986,6.222390797999999
90.90054697,6.071255131
94.58075845,6.231950009
92.48879468,5.889480679
90.85174383,5.732757516
93.82567435,6.400321212000001
94.50528753,6.496934492
90.27185592,6.229498836
92.51077745,6.354006743999999
91.50819306,7.511755067999999
91.35608208,7.335158382
92.04304496,7.813916602999999
91.57802915,7.1291369410000005
92.91487288,6.079998496
92.04670813,7.408939392000001
92.00719952,7.207991261
90.90343769,7.189259647
90.26408017,7.365338111
91.5473145,7.455991072000001
90.31153735,6.822282114
90.14362642,7.028746406000002
91.22062116,6.118430299
94.45239715,6.285312759
94.39000473,6.559236744
93.63812684,7.163245982
90.72351622,6.945562889
90.10522549,7.474710503
91.28408653,7.601189842999999
94.25966183,7.5611432239999985
91.97978938,6.361671475
91.98317355,6.929216014
93.36348717,7.477935216
92.9641969,7.684420446
91.06053924,7.825531916
92.15987039,6.438668989
94.8933184,6.946354724
94.35734702,7.994465371
93.48447453,7.434118807000001
90.4582865,7.781988584
92.03272799,6.052318465
90.26457428,7.106650373
90.22399223,6.22094286
90.60901895,6.420457311
90.65458473,6.969249676
94.01331956,6.0113021810000005
92.39651663,6.600948787999999
91.35349216,7.817846496
91.38411917,6.8198271
91.34663797,7.291405641
93.37488907,7.598729065
93.24688124,6.157135092000001
93.04897191,7.1917274
92.87820148,7.418761774
91.90997228,6.488221135
91.74780462,6.044167236
93.52211892,6.010391864
93.12316972,6.949838549
94.14861001,7.907956251
91.94670335,7.639788459
94.55239717,7.53350946
90.93756231,6.251586885
91.13772765,6.543191814
91.68293851,7.651225301
91.11764246,6.708889665
92.18151927,6.625538653
93.10527686,6.528354932
91.15248149,6.450640306
91.48247612,7.181907673
90.03969587,7.016482298
92.86773675,6.388617138
91.52781832,7.57125447
90.95589386,7.609348255
93.72485075,7.137136973
94.02769434,6.354022554
93.67804556,6.196907944
90.91510525,7.829507245
90.50621806,6.395258356
91.81183218,7.992041984
91.69865887,6.583411671
91.81668769,6.206053072
93.68394562,6.976997772000001
92.22706805,6.562594972
94.96419851,7.260416405
90.15406807,6.460044777999999
94.35815354,6.699164936
90.19147747,7.401121811
94.78797376,6.912033409
90.50096668,7.764040111
93.75652041,7.796034006
91.71369387,6.969883482999999
92.13229786,6.730757538
94.51768464,6.601395755
91.22320999,6.465913274
93.43949693,6.41354791
94.76759975,6.475275337
90.12220323,6.407715561
90.00621688,6.550814117000001
94.59551226,7.36220835
93.27189064,7.36549204
90.71037456,7.8546243
91.4448027,7.995848977
92.05811721,6.725600855
90.56151463,7.786725333
90.54608254,7.656978112000001
92.54736032,7.105904818
94.47316879,7.199106204
90.9492967,7.871063004
93.25638873,7.566165721
91.49725058,6.7932454170000005
90.79028064,6.576261427
91.14220381,6.751452932
92.11508608,6.560743092999999
90.07600528,6.938313356
92.85470152,6.991626158
92.76437927,6.977700268
93.71043692,6.833768535
90.81781439,6.739170045
94.50766912,6.993473247000001
91.70445386,6.757470637000001
91.4618874,6.8506632320000005
91.38048469,6.74274935
93.0484859,6.506120752
93.06134398,6.98992719
94.60761797,6.69215564
93.63739039,6.544029776
90.78931681,6.927803911
91.55594211,6.721835879
91.48815629,6.99223441
94.65904123,6.704204398
91.72514851,6.702424548
92.83405443,6.641098708
90.72526502,6.585346229
92.90951393,6.563134737
91.40301608,6.502289472999999
92.61715632,6.800321319
93.61082872,6.721130542999999
94.16193416,6.574677594
91.12220596,6.919342407
91.25589286,6.519779582999999
94.17756725,6.687088097999999
92.09278584,6.747975732
90.79668055,6.65149129
93.3210737,6.502675132
90.55561637,6.825371185
93.00754254,6.99104104
90.87394933,6.5116248410000015
90.51431779,6.93172108
90.61964344,6.712772332999999
91.37059792,6.63016515
92.98254537,6.761953186
94.63548176,6.691202286
93.10887229,6.608667683999999
92.92203105,6.840802254
92.12746225,6.834808347999999
91.66232213,6.953439161
90.03863107,6.665024507999999
94.94482086,6.662875839
94.63676767,6.678695788
93.90305729,6.54277684
93.96834049,6.839443833
91.37258067,6.805277038
93.18240298,6.762522087000001
91.06138506,6.678449317999999
92.27749066,6.577192175
90.21646909,6.734005647999999
91.3256535,6.524459342
91.1756748,6.501521192
94.31994776,6.758479569
93.90560147,6.676578778
93.35191636,6.941496806
90.75379971,6.864143752
93.12659793,6.583528529
93.22642604,6.751747609
93.47888842,6.893509446
94.6428898,6.720744449
90.34546355,6.827812549
93.61055571,6.912299695
93.30641944,6.586107335
94.43877142,6.827305908
92.38282957,6.821774589
90.78821158,6.656458831
92.25197542,6.770384816
90.44967809,6.933809742999999
94.73613484,6.579441304
92.74889453,6.92791761
93.10378595,6.985804083
90.09448142,6.612429546
92.74501561,6.813383387000001
91.99740365,6.967759599999999
93.15642801,6.57398033
93.02871078,6.803094965
93.02357765,6.964955435
94.57377401,6.764213299
90.20396783,6.617703177999999
90.17015833,6.52711001
91.25271223,6.709668804
94.94021378,6.620729882000001
92.9585411,6.583760498999999
90.14732171,6.6764073370000006
93.97379963,6.751298936
93.79503425,6.867554147000001
93.69111672,6.7424900270000006
92.76039164,6.986228647000001
94.35110201,6.979102243
91.58076549,6.8256647820000005
91.1508798,6.617066674
91.79430166,6.551892637999999
91.07355541,6.598860305
92.86056895,6.4200187170000005
94.3138837,5.7400545670000005
95.64807631,5.686972967000001
91.53720922,6.293662362999999
99.64573002,6.381975465
95.11294697,5.542169138999999
93.69979946,5.551963184
90.92669463,5.8607404810000014
90.98617591,5.558807063
99.18843684,5.55771171
91.81320717,5.568365926
96.93649473,6.07071786
96.46168931,5.627860548999998
99.34854917,6.38488418
99.65809151,5.6858890660000005
95.23797989,6.234458417000001
97.61361544,6.443168642000001
93.40548703,5.842317989
95.01630593,5.955742971
91.30924833,5.741367375
97.00155491,5.948342571
90.01734526,6.387067562
94.18955816,5.562911913
95.48763389,5.85971872
94.01014388,6.282955072999999
95.78923137,6.25449571
97.00396405,5.973853124
96.65248672,6.081568052000001
96.30484325,6.37466756
96.66355213,6.027707171
91.95614918,5.868285082000001
93.31410447,6.205931637999999
91.20106019,5.5707453860000005
93.64761266,6.095261012999999
92.73041222,6.025789594
91.64509299,5.542873799
93.27565685,6.366219551
98.08951196,5.579845008
98.62048026,5.804965067
91.91185319,6.121005506
92.17170353,6.000248647
97.76865458,5.820978791
93.39676499,5.620733794
95.59224018,6.001936419
91.14723422,6.305740522000001
94.59086121,6.362544111
98.38227669,5.588655387
95.89739958,6.182232762000001
95.66997327,5.959493188
91.10510371,5.677282677999999
96.96637916,5.6121227970000005
92.48519606,6.206077742000001
94.65830608,5.764812076
95.11320315,6.203376525
94.48414544,6.143662699
91.72546257,6.100429497
94.90485697,5.7084096010000005
98.3670985,5.868255858
92.56492864,6.461225827000001
95.16333673,6.165084855
92.36099489,6.047044342
92.19906776,6.137102505
90.79093862,5.894027065
95.94643831,5.56222383
99.96906006,5.832608027999999
99.64328526,6.2185718739999984
96.97300803,6.142010637
95.65754365,6.078807239
91.64194826,5.702484758
91.49882979,5.547594847
92.90736493,5.836075368
95.71935435,6.231662767
90.73966792,5.718120393
91.52421214,5.852038202
95.02156793,5.547933273
96.92786777,6.156259104
95.67906668,6.436314406
96.7036223,5.981169595
94.38420565,6.271952832999999
94.73860514,6.470465614
95.41122824,6.141502001
91.40896307,5.826381164
95.21224392,6.342463714
93.28415295,6.071897347
94.79998418,6.331051715
91.48889469,6.413184638
98.09861043,5.50158009
96.38580769,6.338720873
94.33465411,6.015672239
99.98187601,5.735364307
97.48410555,6.465906333
99.7240104,5.855457599
99.84671638,6.318552972999999
90.27214288,6.006784979
98.29937782,6.008386282999999
95.8840407,5.665785202
93.00109012,5.764615485
93.45042636,5.901495543999999
93.84150618,5.779032666
98.80313612,5.67154928
79.19732001,7.231324765
84.86275707,6.925412377000001
76.97696717,7.633437412
75.62137159,6.827354668
83.63276077,6.176716425
81.7358876,6.6287228360000015
80.53965818,7.256877571
81.30681027,6.443785385
79.29573149,7.7232401510000015
79.12404171,5.947448589
83.55546146,7.2277455160000015
83.63488952,6.219469084
75.88298598,6.021439523
84.84422454,6.253343655
84.44932014,6.187455798999999
82.24415809,7.0576933660000005
81.73049149,6.720449769
76.04203958,6.4316895060000006
78.17952126,7.453106264
77.0543546,7.368258226
81.69105088,7.352401887
81.38103349,6.652143699
84.62978302,6.144631795
84.55794703,7.318802162000001
82.21276599,7.954629324
77.21705554,6.207652157
82.5993307,6.631005298
79.9751579,7.306918817000001
83.4630147,5.898293044
77.51235009,7.238566893
77.43198948,7.977651226
78.22080815,5.983075895
84.51591287,6.785723961
79.04368718,7.393441155
84.47601498,6.486068274
84.09229796,7.175934962
79.47270984,7.388265887999999
78.1258666,6.10539819
78.02763149,6.419536555
75.6350708,6.307585854
84.87668973,6.93221485
81.02453404,7.810865753
84.61527627,6.527541661
81.19666206,7.569454601
76.30050373,7.041065585
77.34264002,7.208795456
75.68339729,6.814341946
76.43836957,7.442217061
81.31677618,6.854558957
80.30351815,7.884550475
77.07598065,6.006085786
76.25674874,7.432043735
75.53835214,6.498052108
75.66653335,6.205263534
82.33733678,6.360812227
84.14668447,7.0466074339999984
75.98203329,7.947011366
80.80343786,6.281913857999999
75.37170612,6.114525877
81.13668716,6.7539780610000015
81.79475917,7.4250413160000015
81.53480799,6.745104394
75.00539324,7.6411165689999985
77.90621048,6.470135478
82.85975490000001,7.091992365
82.50257909,6.520403794
76.17851932,6.127939627999999
76.59175937,7.994679507000001
76.53237965,7.524707577
83.03878838,7.827877817999999
76.7433897,6.436691764
77.91757121,5.907930899
80.35090459999998,6.135025006
78.71555832,6.044556594
80.41198458,7.59781958
83.91902605,6.691268104
81.56641891,6.1754923060000015
81.97904282,7.272316208999999
80.04662756,5.801047545
81.69801729,6.757457943
76.47039772,6.983395572999999
76.72621429,7.976889497999999
76.75768356,6.558902588
77.7293114,7.979090365
82.44777468,7.903528672999999
77.85055621,6.73210948
82.82904143,6.6916904760000016
78.51206972,7.839849298
84.16855231,6.61448588
75.40989245,7.456971816
77.52425987,7.2942193
81.83896111,7.762647875
80.13456404,6.363406102000001
82.68738535,7.63737841
78.63388824,6.2006719760000015
78.58320116,6.364729934
76.11021529,6.913678684
75.39752705,7.766259768999999
75.77503808,7.55606399
83.86129998,7.288377241
72.24850829,6.002524871
82.94164078,6.033485257000001
86.88705350000002,7.121933578999999
88.16513579,6.207459637
72.00460848,6.090060478
72.01364411,6.346715209
85.08640476,6.661957897000001
88.80391021,6.176860192
75.14640198,7.251847296
83.12053888,6.386259977999999
71.91711523,7.319735475
88.36668522,6.025028997000001
74.68322732,6.344751947000001
88.95692783,7.02777956
70.88259632,7.299304715
79.26861738,7.014063944
71.4509053,7.4880144039999985
81.86171563,6.626503893
78.21047693,6.239011
74.63745355,6.742688094
73.84186449,6.588017308
72.60512854,7.097586415
79.78725152,6.956682742999999
74.99739774,7.380396262
77.62976013,6.176618831
89.89106506,6.551130445
80.76238215,6.427726565
84.48235878,6.740947635
76.2403666,6.130136384
81.70476368,6.667633355
78.54340987,6.1868143920000005
87.98329901,6.334837865
78.53037059,7.16214284
74.09956958,7.422318499
70.89000744,6.768001309
85.72530641,6.348441469
83.46409075,6.097294061
81.45139295,6.14132902
82.85284045,7.479248124
71.31342851,6.509174788999999
74.44070479999998,6.57256106
76.85691248,7.165696848
77.01222585,7.207457207999999
82.7015932,7.124333547000001
87.06071115,6.4635387070000005
78.62697699,6.856833064
80.49172597,7.132389299
81.65769588,6.235357637999999
73.35763537,6.704273839
83.31240346,7.433313409
73.7459581,6.109478059
78.45959697,7.095413294
81.76904006,6.352076782999999
87.88255345,6.6587699910000016
79.95150917,7.0518224720000005
87.81661683,7.333143205
80.90424543,6.352771037
72.97198375,7.124050134
73.19897535,6.998787171
82.11319791,6.537914957999999
79.15532398,7.171054239
88.33130229999998,7.228268227999999
76.44048625,7.319952206
74.27607475,6.613341342999999
82.09053379,6.096838784
83.20630007,6.132570522999999
84.09985284,7.36008498
79.46283115,7.321619041
74.89465426,7.175170657000001
86.97061481,7.299076163
79.47557931,6.842966478999998
82.09281674,6.356295567999999
76.66724969,6.508342839
89.86454053,7.098227926
78.00774772,6.310699968
78.20392774,7.093328631
81.13449097,6.691074249
80.57226761,6.187746776
86.20899734,6.491506245
78.51063754,6.855362875
71.14782585,7.124571593
79.1188943,6.067302109
71.23690851,6.432051512
73.48655995,6.253408852000001
77.17331847,7.287318722999999
80.94023552,7.161865733
86.84264005,6.065898282999999
70.95705996,7.311077075
79.79609448,6.581693772
73.96164569,6.732826127
74.36794079,6.014572075
75.99987588,6.663559451
73.65346838,6.434610995
89.05587886,7.432768147000001
86.14290267,6.987332927000001
86.79261344,6.718725189
88.07112278,6.880204617
81.68688879,6.86106911
82.286484,6.7693455
73.81994896,7.26158085
,7.261313694
